tweet_id,text,label
262598022834298880,RT @BigFrankenStorm: I WENT TO HIGHSCHOOL WIT IRENE. SHE CAN'T EVEN TWERK. SHE AIN'T BOUT DAT HURRICANE LYFE.,1
262557038717071360,RT @aSandyHurricane: BLOWIN SO MANY NIGGAS THEY SHOULD CALL ME HURRICANE SANDY KARDASHIAN.,0
262570164170661888,RT @BigFrankenStorm: I'M A INDEPENDENT SASSY BLACK HURRICANE WHO DON'T NEED NO MAN.,0
262613343347552257,RT @FauxJohnMadden: BREAKING:  National Weather Service projects Mark Sanchez to be a bigger disaster than Hurricane Sandy.,0
262613061754560514,RT @AHurricaneSandy: I WENT TO HIGHSCHOOL WIT IRENE. SHE CAN'T EVEN TWERK. SHE AIN'T BOUT DAT HURRICANE LYFE.,1
262373483273662464,RT @AHurricaneSandy: I WENT TO HIGHSCHOOL WIT IRENE. SHE CAN'T EVEN TWERK. SHE AIN'T BOUT DAT HURRICANE LYFE.,1
262572105344884736,RT @BigFrankenStorm: BLOWIN SO MANY NIGGAS THEY SHOULD CALL ME HURRICANE SANDY KARDASHIAN.,1
263126116095647745,RT @hurricannesandy: I'M A INDEPENDENT SASSY BLACK HURRICANE WHO DON'T NEED NO MAN.,1
262771917302403073,RT @BuzzFeedAndrew: When Hurricane Donna created an 11-foot storm surge in lower Manhattan in 1960.  http://t.co/8VHkCCKQ via @LucyKafanov,0
262570747120205824,RT @AHurricaneSandy: I WENT TO HIGHSCHOOL WIT IRENE. SHE CAN'T EVEN TWERK. SHE AIN'T BOUT DAT HURRICANE LYFE.,1
263424898435780608,"RT @itsWillyFerrell: Disney buys Lucasfilm, and announces a Star Wars 7. \And we thought Hurricane Sandy was the biggest disaster to hap ...",0
262524108816936960,RT @AinTime4That: Hurricane sandy? Ain't nobody got time for that!,1
262612908876365824,RT @AHurricaneSandy: I WENT TO HIGHSCHOOL WIT IRENE. SHE CAN'T EVEN TWERK. SHE AIN'T BOUT DAT HURRICANE LYFE.,1
262557159622053888,RT @BigFrankenStorm: BLOWIN SO MANY NIGGAS THEY SHOULD CALL ME HURRICANE SANDY KARDASHIAN.,1
262699593597349888,"RT @PrinceTweets2U: i have all my hurricane supplies: scarves, lavender, a chandelier, purple guitar, purple sunglasses, various gemston ...",1
262408170561998849,RT @BigFrankenStorm: I WENT TO HIGHSCHOOL WIT IRENE. SHE CAN'T EVEN TWERK. SHE AIN'T BOUT DAT HURRICANE LYFE.,1
262551468987535360,RT @aSandyHurricane: BLOWIN SO MANY NIGGAS THEY SHOULD CALL ME HURRICANE SANDY KARDASHIAN.,1
262613835284877312,RT @BigFrankenStorm: BLOWIN SO MANY NIGGAS THEY SHOULD CALL ME HURRICANE SANDY KARDASHIAN.,1
262648091449098241,RT @SandysHurricane: OH U MEAN YOUR PLANS TO FUCK AN ENTIRE NBA TEAM????!! RT: @KimKardashian ugh this hurricane is messing with y plans ...,0
262568866973102080,RT @hurricannesandy: BLOWIN SO MANY NIGGAS THEY SHOULD CALL ME HURRICANE SANDY KARDASHIAN.,0
262402648110682113,RT @BigFrankenStorm: BLOWIN SO MANY NIGGAS THEY SHOULD CALL ME HURRICANE SANDY KARDASHIAN.,0
262676502401937408,RT @AHurricaneSandy: OH U MEAN YOUR PLANS TO FUCK AN ENTIRE NBA TEAM????!! RT: @KimKardashian ugh this hurricane is messing with y plans ...,1
262712910218936321,RT @AinTime4That: Hurricane sandy? Ain't nobody got time for that!,1
263057994076540928,RT @WorkaholicBlake: What if gangnam style is actually just a giant rain dance and we brought this massive hurricane on ourselves,1
262610208017248257,RT @BigFrankenStorm: I WENT TO HIGHSCHOOL WIT IRENE. SHE CAN'T EVEN TWERK. SHE AIN'T BOUT DAT HURRICANE LYFE.,1
262592398855651328,RT @BigFrankenStorm: I WENT TO HIGHSCHOOL WIT IRENE. SHE CAN'T EVEN TWERK. SHE AIN'T BOUT DAT HURRICANE LYFE.,1
262891495848284160,RT @AinTime4That: Hurricane sandy? Ain't nobody got time for that!,1
262377813565394944,RT @BigFrankenStorm: BLOWIN SO MANY NIGGAS THEY SHOULD CALL ME HURRICANE SANDY KARDASHIAN.,1
262413167219601408,RT @BigFrankenStorm: I'M A INDEPENDENT SASSY BLACK HURRICANE WHO DON'T NEED NO MAN.,0
262695451814408192,"RT @PrinceTweets2U: i have all my hurricane supplies: scarves, lavender, a chandelier, purple guitar, purple sunglasses, various gemston ...",1
262568213571850240,RT @BigFrankenStorm: I'M A INDEPENDENT SASSY BLACK HURRICANE WHO DON'T NEED NO MAN.,0
262570838547640320,RT @hurricannesandy: BLOWIN SO MANY NIGGAS THEY SHOULD CALL ME HURRICANE SANDY KARDASHIAN.,1
262423055391936512,RT @BigFrankenStorm: BLOWIN SO MANY NIGGAS THEY SHOULD CALL ME HURRICANE SANDY KARDASHIAN.,1
262381723894050817,RT @AHurricaneSandy: I'M A INDEPENDENT SASSY BLACK HURRICANE WHO DON'T NEED NO MAN.,1
262682946492837888,RT @hurricannesandy: I WENT TO HIGHSCHOOL WIT IRENE. SHE CAN'T EVEN TWERK. SHE AIN'T BOUT DAT HURRICANE LYFE.,1
262777550433050624,RT @hurricannesandy: I WENT TO HIGHSCHOOL WIT IRENE. SHE CAN'T EVEN TWERK. SHE AIN'T BOUT DAT HURRICANE LYFE.,0
262695119440986112,RT @hurricannesandy: I WENT TO HIGHSCHOOL WIT IRENE. SHE CAN'T EVEN TWERK. SHE AIN'T BOUT DAT HURRICANE LYFE.,1
262600451466342400,RT @BigFrankenStorm: I WENT TO HIGHSCHOOL WIT IRENE. SHE CAN'T EVEN TWERK. SHE AIN'T BOUT DAT HURRICANE LYFE.,1
262736905186189313,RT @AHurricaneSandy: I WENT TO HIGHSCHOOL WIT IRENE. SHE CAN'T EVEN TWERK. SHE AIN'T BOUT DAT HURRICANE LYFE.,0
262668718025363456,RT @hurricannesandy: I WENT TO HIGHSCHOOL WIT IRENE. SHE CAN'T EVEN TWERK. SHE AIN'T BOUT DAT HURRICANE LYFE.,1
262794401829490689,RT @AinTime4That: Hurricane sandy? Ain't nobody got time for that!,1
262836130142113793,"RT @PrinceTweets2U: i have all my hurricane supplies: scarves, lavender, a chandelier, purple guitar, purple sunglasses, various gemston ...",1
263419231884963840,"RT @itsWillyFerrell: Disney buys Lucasfilm, and announces a Star Wars 7. \And we thought Hurricane Sandy was the biggest disaster to hap ...",1
263381967574269952,RT @AHurricaneSandy: OH U MEAN YOUR PLANS TO FUCK AN ENTIRE NBA TEAM????!! RT: @KimKardashian ugh this hurricane is messing with y plans ...,0
262884406912507905,"RT @PrinceTweets2U: i have all my hurricane supplies: scarves, lavender, a chandelier, purple guitar, purple sunglasses, various gemston ...",0
262614612783009792,RT @FauxJohnMadden: BREAKING:  National Weather Service projects Mark Sanchez to be a bigger disaster than Hurricane Sandy.,1
262609404476657665,RT @BigFrankenStorm: BLOWIN SO MANY NIGGAS THEY SHOULD CALL ME HURRICANE SANDY KARDASHIAN.,1
262606176917798912,RT @AHurricaneSandy: I'M A INDEPENDENT SASSY BLACK HURRICANE WHO DON'T NEED NO MAN.,0
262526110389129216,RT @aSandyHurricane: BLOWIN SO MANY NIGGAS THEY SHOULD CALL ME HURRICANE SANDY KARDASHIAN.,1
262967918369837056,RT @AinTime4That: Hurricane sandy? Ain't nobody got time for that!,1
262773694873624576,RT @AHurricaneSandy: I WENT TO HIGHSCHOOL WIT IRENE. SHE CAN'T EVEN TWERK. SHE AIN'T BOUT DAT HURRICANE LYFE.,1
262695507783188480,"RT @PrinceTweets2U: i have all my hurricane supplies: scarves, lavender, a chandelier, purple guitar, purple sunglasses, various gemston ...",1
262577737972215808,RT @hurricannesandy: I'M A INDEPENDENT SASSY BLACK HURRICANE WHO DON'T NEED NO MAN.,1
262683231378350080,RT @SandysHurricane: OH U MEAN YOUR PLANS TO FUCK AN ENTIRE NBA TEAM????!! RT: @KimKardashian ugh this hurricane is messing with y plans ...,1
262547277858607104,RT @BigFrankenStorm: I'M A INDEPENDENT SASSY BLACK HURRICANE WHO DON'T NEED NO MAN.,1
262397116373151745,RT @hurricannesandy: BLOWIN SO MANY NIGGAS THEY SHOULD CALL ME HURRICANE SANDY KARDASHIAN.,1
262384507074793472,RT @AHurricaneSandy: I'M A INDEPENDENT SASSY BLACK HURRICANE WHO DON'T NEED NO MAN.,1
262616601147346945,RT @AHurricaneSandy: I'M A INDEPENDENT SASSY BLACK HURRICANE WHO DON'T NEED NO MAN.,0
262582067353767936,RT @BigFrankenStorm: BLOWIN SO MANY NIGGAS THEY SHOULD CALL ME HURRICANE SANDY KARDASHIAN.,1
262377570861977601,RT @AHurricaneSandy: I WENT TO HIGHSCHOOL WIT IRENE. SHE CAN'T EVEN TWERK. SHE AIN'T BOUT DAT HURRICANE LYFE.,1
262737787839729664,RT @AHurricaneSandy: OH U MEAN YOUR PLANS TO FUCK AN ENTIRE NBA TEAM????!! RT: @KimKardashian ugh this hurricane is messing with y plans ...,1
262714415382659072,RT @aSandyHurricane: BLOWIN SO MANY NIGGAS THEY SHOULD CALL ME HURRICANE SANDY KARDASHIAN.,1
263388774061461504,"RT @AHurricaneSandy: BEATING WOMEN IS PRETTY INSANE TOO, YOU PIECE OF SHIT. RT: @chrisbrown man this hurricane shit is INSANE",0
263063446189383680,RT @WorkaholicBlake: What if gangnam style is actually just a giant rain dance and we brought this massive hurricane on ourselves,0
262579910411948033,RT @BigFrankenStorm: I'M A INDEPENDENT SASSY BLACK HURRICANE WHO DON'T NEED NO MAN.,1
262408503136776193,RT @BigFrankenStorm: I WENT TO HIGHSCHOOL WIT IRENE. SHE CAN'T EVEN TWERK. SHE AIN'T BOUT DAT HURRICANE LYFE.,1
262529081021718528,RT @AHurricaneSandy: I WENT TO HIGHSCHOOL WIT IRENE. SHE CAN'T EVEN TWERK. SHE AIN'T BOUT DAT HURRICANE LYFE.,1
262773699902570496,RT @SandysHurricane: I'M A INDEPENDENT SASSY BLACK HURRICANE WHO DON'T NEED NO MAN.,1
262581227033333761,RT @BigFrankenStorm: BLOWIN SO MANY NIGGAS THEY SHOULD CALL ME HURRICANE SANDY KARDASHIAN.,1
262568252528533504,RT @BigFrankenStorm: I'M A INDEPENDENT SASSY BLACK HURRICANE WHO DON'T NEED NO MAN.,1
262617107919949825,RT @aSandyHurricane: BLOWIN SO MANY NIGGAS THEY SHOULD CALL ME HURRICANE SANDY KARDASHIAN.,1
262555075552096257,RT @aSandyHurricane: BLOWIN SO MANY NIGGAS THEY SHOULD CALL ME HURRICANE SANDY KARDASHIAN.,1
263323041478606848,RT @solangeknowles: Have one. ??. A seat. Any seat. \“@realDonaldTrump:Hurricane is good luck for Obama again-he will buy the election by ...,0
262489017340264448,RT @hurricannesandy: I'M A INDEPENDENT SASSY BLACK HURRICANE WHO DON'T NEED NO MAN.,1
262387550323359744,RT @BigFrankenStorm: BLOWIN SO MANY NIGGAS THEY SHOULD CALL ME HURRICANE SANDY KARDASHIAN.,1
262770477628547072,RT @BuzzFeedAndrew: When Hurricane Donna created an 11-foot storm surge in lower Manhattan in 1960.  http://t.co/8VHkCCKQ via @LucyKafanov,1
262614056916111361,RT @FauxJohnMadden: BREAKING:  National Weather Service projects Mark Sanchez to be a bigger disaster than Hurricane Sandy.,1
262553178812325889,RT @AinTime4That: Hurricane sandy? Ain't nobody got time for that!,0
262411681949442049,RT @aSandyHurricane: BLOWIN SO MANY NIGGAS THEY SHOULD CALL ME HURRICANE SANDY KARDASHIAN.,1
262582390428409856,RT @hurricannesandy: BLOWIN SO MANY NIGGAS THEY SHOULD CALL ME HURRICANE SANDY KARDASHIAN.,1
262591322681114624,RT @BigFrankenStorm: I WENT TO HIGHSCHOOL WIT IRENE. SHE CAN'T EVEN TWERK. SHE AIN'T BOUT DAT HURRICANE LYFE.,0
262431050305769472,RT @AHurricaneSandy: I WENT TO HIGHSCHOOL WIT IRENE. SHE CAN'T EVEN TWERK. SHE AIN'T BOUT DAT HURRICANE LYFE.,1
262981599912681472,RT @SandysHurricane: I'M A INDEPENDENT SASSY BLACK HURRICANE WHO DON'T NEED NO MAN.,0
263411528286486528,"RT @itsWillyFerrell: Disney buys Lucasfilm, and announces a Star Wars 7. \And we thought Hurricane Sandy was the biggest disaster to hap ...",1
262546901168173056,RT @BigFrankenStorm: I WENT TO HIGHSCHOOL WIT IRENE. SHE CAN'T EVEN TWERK. SHE AIN'T BOUT DAT HURRICANE LYFE.,1
262428151169290240,RT @hurricannesandy: I'M A INDEPENDENT SASSY BLACK HURRICANE WHO DON'T NEED NO MAN.,1
263398174155210752,"RT @AHurricaneSandy: BEATING WOMEN IS PRETTY INSANE TOO, YOU PIECE OF SHIT. RT: @chrisbrown man this hurricane shit is INSANE",1
262732184241188864,RT @XHurricaneSandy: NIGGAS BE LIKE HURRICANE #SANDY http://t.co/OadyhcAz,1
262670581764325377,RT @aSandyHurricane: BLOWIN SO MANY NIGGAS THEY SHOULD CALL ME HURRICANE SANDY KARDASHIAN.,1
262554259399274496,RT @BigFrankenStorm: I'M A INDEPENDENT SASSY BLACK HURRICANE WHO DON'T NEED NO MAN.,1
263343743543951361,RT @solangeknowles: Have one. ??. A seat. Any seat. \“@realDonaldTrump:Hurricane is good luck for Obama again-he will buy the election by ...,1
262393018697543680,RT @AHurricaneSandy: I WENT TO HIGHSCHOOL WIT IRENE. SHE CAN'T EVEN TWERK. SHE AIN'T BOUT DAT HURRICANE LYFE.,1
262646452797464577,RT @AHurricaneSandy: OH U MEAN YOUR PLANS TO FUCK AN ENTIRE NBA TEAM????!! RT: @KimKardashian ugh this hurricane is messing with y plans ...,1
262408272781377536,RT @AHurricaneSandy: I'M A INDEPENDENT SASSY BLACK HURRICANE WHO DON'T NEED NO MAN.,1
262611516900139008,RT @hurricannesandy: I'M A INDEPENDENT SASSY BLACK HURRICANE WHO DON'T NEED NO MAN.,1
262712023803105280,RT @realsandycane: I WENT TO HIGHSCHOOL WIT IRENE. SHE CAN'T EVEN TWERK. SHE AIN'T BOUT DAT HURRICANE LYFE.,1
262598274320592897,RT @AHurricaneSandy: I WENT TO HIGHSCHOOL WIT IRENE. SHE CAN'T EVEN TWERK. SHE AIN'T BOUT DAT HURRICANE LYFE.,1
262601494199668737,RT @BigFrankenStorm: BLOWIN SO MANY NIGGAS THEY SHOULD CALL ME HURRICANE SANDY KARDASHIAN.,1
262673940810436610,RT @XHurricaneSandy: NIGGAS BE LIKE HURRICANE #SANDY http://t.co/OadyhcAz,0
262414290978480128,RT @BigFrankenStorm: I'M A INDEPENDENT SASSY BLACK HURRICANE WHO DON'T NEED NO MAN.,1
262700699723382784,"RT @PrinceTweets2U: i have all my hurricane supplies: scarves, lavender, a chandelier, purple guitar, purple sunglasses, various gemston ...",1
262371372125274113,RT @AHurricaneSandy: I WENT TO HIGHSCHOOL WIT IRENE. SHE CAN'T EVEN TWERK. SHE AIN'T BOUT DAT HURRICANE LYFE.,1
262409726657191938,RT @hurricannesandy: I'M A INDEPENDENT SASSY BLACK HURRICANE WHO DON'T NEED NO MAN.,0
262801668146593792,RT @AinTime4That: Hurricane sandy? Ain't nobody got time for that!,1
262587846404214784,RT @BigFrankenStorm: I WENT TO HIGHSCHOOL WIT IRENE. SHE CAN'T EVEN TWERK. SHE AIN'T BOUT DAT HURRICANE LYFE.,0
262653842615848960,RT @SandysHurricane: OH U MEAN YOUR PLANS TO FUCK AN ENTIRE NBA TEAM????!! RT: @KimKardashian ugh this hurricane is messing with y plans ...,1
262566265728692224,RT @AHurricaneSandy: I WENT TO HIGHSCHOOL WIT IRENE. SHE CAN'T EVEN TWERK. SHE AIN'T BOUT DAT HURRICANE LYFE.,1
263427767297769473,"RT @AHurricaneSandy: BEATING WOMEN IS PRETTY INSANE TOO, YOU PIECE OF SHIT. RT: @chrisbrown man this hurricane shit is INSANE",0
262387036621791232,RT @AHurricaneSandy: I WENT TO HIGHSCHOOL WIT IRENE. SHE CAN'T EVEN TWERK. SHE AIN'T BOUT DAT HURRICANE LYFE.,1
262654232824541186,RT @SandysHurricane: OH U MEAN YOUR PLANS TO FUCK AN ENTIRE NBA TEAM????!! RT: @KimKardashian ugh this hurricane is messing with y plans ...,1
262619334755622912,RT @AHurricaneSandy: I WENT TO HIGHSCHOOL WIT IRENE. SHE CAN'T EVEN TWERK. SHE AIN'T BOUT DAT HURRICANE LYFE.,1
262708562294349824,RT @realsandycane: I WENT TO HIGHSCHOOL WIT IRENE. SHE CAN'T EVEN TWERK. SHE AIN'T BOUT DAT HURRICANE LYFE.,0
262410768379678721,RT @aSandyHurricane: BLOWIN SO MANY NIGGAS THEY SHOULD CALL ME HURRICANE SANDY KARDASHIAN.,1
262561573980209152,RT @BigFrankenStorm: I WENT TO HIGHSCHOOL WIT IRENE. SHE CAN'T EVEN TWERK. SHE AIN'T BOUT DAT HURRICANE LYFE.,1
350800203269419008,RT @cityofcalgary: There will be fireworks at 10:45 pm off the centre street bridge for #canadaday #yycflood,0
348233049030402051,RT @Mookalicious: This pic of an awesome firefighter in Mission needs to go viral.  Please share! #abflood http://t.co/H1YF3RhJZs,1
348647216178675713,"RT @NealaBarton: This is High River, AB from the air. Thoughts are with all who calls this town home. Just astounding. #abflood http://t.co…",0
348754431036239872,RT @SUNMichaelWood: #abflood Things are not looking good on Siksika Nation. Boil water advisory. 1000 people forced from their homes. http:…,1
348301596599394305,RT @dinnerwithjulie: Downtown Calgary at night without power. Eerie. #yycflood http://t.co/P3q5XADVZ4,1
348312551794286592,RT @Cmdr_Hadfield: Floods are an unbridled misery. My heartfelt thoughts and wishes for a swift recovery to those battling the Alberta high…,1
348537125651759104,RT @CTVCalgary: Drop-In Centre wishlist - bring items to temp. centre (former hotel) 4804 Edmonton Trail NE #yyc #yycflood http://t.co/EATD…,1
348175023049150464,RT @Mookalicious: This pic of an awesome firefighter in Mission needs to go viral.  Please share! #abflood http://t.co/H1YF3RhJZs,1
348244036508848129,RT @cityofcalgary: Please RT widely @nenshi - The City asks that Calgarians LIMIT WATER USE as much as possible. Thank you. #yyc #yycflood,1
348264105418821632,RT @bradkane: special thanks to @parkscanada for charging me a cancellation fee for my camping spot in #banff this weekend. #abflood #lol #…,0
348836032394964992,RT @SheriDWilson: Love this: The Calgary Stampede's answer to whether or not they will proceed this year?! #abflood http://t.co/fWP6YoYpM0,0
348495001703030784,RT @kbruce237: This pic of an awesome firefighter in Mission needs to go viral.  Please share! #yycflood @redcrosscanada http://t.co/3m3Aio…,1
349971946722705408,RT @aldjohnmar: My Team is still at Mission Safeway recruiting volunteers. Please come today or tomorrow at 0900 hrs #yyc #yyccc #yycflood,1
348274827896963072,RT @Mookalicious: This pic of an awesome firefighter in Mission needs to go viral.  Please share! #abflood http://t.co/H1YF3RhJZs,1
349322831852617729,RT @JShoota1: My brother snapped this pic of @TheoFleury14 buying supplies for the needy at Okotoks Costco. #abflood #yycflood http://t.co/…,1
350113729196720132,"RT @WestJet: Our friend @WBrettWilson has committed $50K to #abflood relief for every Tweet/RT of #OMGP hashtag tonight. So far, $3k... Go!",1
350439673006522370,RT @Mookalicious: This pic of an awesome firefighter in Mission needs to go viral.  Please share! #abflood http://t.co/H1YF3RhJZs,1
350112901329203201,"RT @WestJet: Our friend @WBrettWilson has committed $50K to #abflood relief for every Tweet/RT of #OMGP hashtag tonight. So far, $3k... Go!",0
348262954430496769,RT @Mookalicious: This pic of an awesome firefighter in Mission needs to go viral.  Please share! #abflood http://t.co/H1YF3RhJZs,1
348581212559900672,RT @Mookalicious: This pic of an awesome firefighter in Mission needs to go viral.  Please share! #abflood http://t.co/H1YF3RhJZs,1
349288553341128704,"RT @KikkiPlanet: After researching, good to know almost all accusations of #yycgreedy are FALSE. Learn what pre #yycflood $ is before accus…",1
348228870413107200,RT @Mookalicious: This pic of an awesome firefighter in Mission needs to go viral.  Please share! #abflood http://t.co/H1YF3RhJZs,1
348427292382461954,RT @john_wallwork: $60 for this fruit platter at #midtowncoop #yycflood http://t.co/tGnqzy0LMB” Shame on @CalgaryCoop”. \Boycott all who pr…,1
348247151677161473,RT @cityofcalgary: Please RT widely @nenshi - The City asks that Calgarians LIMIT WATER USE as much as possible. Thank you. #yyc #yycflood,1
348227730489360384,RT @Mookalicious: This pic of an awesome firefighter in Mission needs to go viral.  Please share! #abflood http://t.co/H1YF3RhJZs,1
350273745581113344,"RT @WestJet: Our friend @WBrettWilson has committed $50K to #abflood relief for every Tweet/RT of #OMGP hashtag tonight. So far, $3k... Go!",1
348663014339260416,RT @SUNMichaelWood: #abflood Things are not looking good on Siksika Nation. Boil water advisory. 1000 people forced from their homes. http:…,0
348248240958881793,RT @Mookalicious: This pic of an awesome firefighter in Mission needs to go viral.  Please share! #abflood http://t.co/H1YF3RhJZs,0
348298501618286592,RT @cityofcalgary: Please RT widely @nenshi - The City asks that Calgarians LIMIT WATER USE as much as possible. Thank you. #yyc #yycflood,1
348967775152254976,RT @Mookalicious: Funniest pic of the day!!  RT @fan960boomer  Found sitting in my buddies driveway today. #yycflood http://t.co/HcJ4HkXL99,0
350112001231564801,"RT @WestJet: Our friend @WBrettWilson has committed $50K to #abflood relief for every Tweet/RT of #OMGP hashtag tonight. So far, $3k... Go!",1
348281509540671488,RT @cityofcalgary: Please RT widely @nenshi - The City asks that Calgarians LIMIT WATER USE as much as possible. Thank you. #yyc #yycflood,1
348306541797052417,RT @Mookalicious: This pic of an awesome firefighter in Mission needs to go viral.  Please share! #abflood http://t.co/H1YF3RhJZs,1
350070940681506816,"RT @ssedoga: Another pipeline spill in Alberta: more than 5,000 litres of oil leaked & flooding at head office hampering clean! uphttp://hu…",0
348253430374072320,RT @cityofcalgary: Please RT widely @nenshi - The City asks that Calgarians LIMIT WATER USE as much as possible. Thank you. #yyc #yycflood,1
348204869762551808,RT @Mookalicious: This pic of an awesome firefighter in Mission needs to go viral.  Please share! #abflood http://t.co/H1YF3RhJZs,0
348273027957526528,RT @cityofcalgary: Please RT widely @nenshi - The City asks that Calgarians LIMIT WATER USE as much as possible. Thank you. #yyc #yycflood,1
348269922918477824,RT @Mookalicious: This pic of an awesome firefighter in Mission needs to go viral.  Please share! #abflood http://t.co/H1YF3RhJZs,1
350067742537293825,RT @CHARCUT: Alley Burger at CHARCUT’s in the original ALLEY!!! around 9:30pm Free burgers or donations for Red Cross … #yycflood,1
348969492698767360,RT @Mookalicious: Funniest pic of the day!!  RT @fan960boomer  Found sitting in my buddies driveway today. #yycflood http://t.co/HcJ4HkXL99,1
350058779091542017,"RT @ssedoga: Another pipeline spill in Alberta: more than 5,000 litres of oil leaked & flooding at head office hampering clean! uphttp://hu…",0
348268332534865922,"RT @Dean_Murdoch: People are wonderin if I'm OK. I'm at the Saddldome, in the Nosebleeds, fishin.  #yycfloods",1
348532040699875328,RT @CTVCalgary: Drop-In Centre wishlist - bring items to temp. centre (former hotel) 4804 Edmonton Trail NE #yyc #yycflood http://t.co/EATD…,1
349360329966366721,"RT @GlobalCalgary: In non #yycflood related news...the Chicago Blackhawks have won the Stanley Cup, with a 3-2 win over the Boston Bruins. …",0
348213810080915457,RT @Mookalicious: This pic of an awesome firefighter in Mission needs to go viral.  Please share! #abflood http://t.co/H1YF3RhJZs,1
350107432405577728,"RT @WestJet: Our friend @WBrettWilson has committed $50K to #abflood relief for every Tweet/RT of #OMGP hashtag tonight. So far, $3k... Go!",1
348277677238652930,"RT @Dean_Murdoch: People are wonderin if I'm OK. I'm at the Saddldome, in the Nosebleeds, fishin.  #yycfloods",1
348218677969166336,RT @Mookalicious: This pic of an awesome firefighter in Mission needs to go viral.  Please share! #abflood http://t.co/H1YF3RhJZs,1
348314096506114048,RT @kbruce237: This pic of an awesome firefighter in Mission needs to go viral.  Please share! #yycflood @redcrosscanada http://t.co/3m3Aio…,0
350103503965913089,"RT @WestJet: Our friend @WBrettWilson has committed $50K to #abflood relief for every Tweet/RT of #OMGP hashtag tonight. So far, $3k... Go!",1
349235884966678529,"RT @ShitNenshiHasto: I can't believe I have to say this, but we can't deliver wine if you don't specify red or white. #yycflood http://t.co…",1
348537822958989312,RT @GlobalCalgary: Full details on the outdoor water use ban in place for City of Calgary: http://t.co/SHTocwCBir #yycflood,1
348247246485200896,RT @cityofcalgary: Please RT widely @nenshi - The City asks that Calgarians LIMIT WATER USE as much as possible. Thank you. #yyc #yycflood,1
350102398053777408,"RT @WestJet: Our friend @WBrettWilson has committed $50K to #abflood relief for every Tweet/RT of #OMGP hashtag tonight. So far, $3k... Go!",1
348536989362040832,RT @GlobalCalgary: Full details on the outdoor water use ban in place for City of Calgary: http://t.co/SHTocwCBir #yycflood,0
348260231278628864,RT @Mookalicious: This pic of an awesome firefighter in Mission needs to go viral.  Please share! #abflood http://t.co/H1YF3RhJZs,1
349189995585736705,RT @markusoff: IT'S ARRIVED. THE NUMBER: @crudereporter: BMO estimates cost of 2013 #abflood damage could be as high as $3.75-BILLION,1
348373017136611329,RT @Cmdr_Hadfield: Floods are an unbridled misery. My heartfelt thoughts and wishes for a swift recovery to those battling the Alberta high…,1
348293883093991427,RT @Cmdr_Hadfield: Floods are an unbridled misery. My heartfelt thoughts and wishes for a swift recovery to those battling the Alberta high…,1
350246674670686208,"RT @WestJet: Our friend @WBrettWilson has committed $50K to #abflood relief for every Tweet/RT of #OMGP hashtag tonight. So far, $3k... Go!",1
348249528694079488,RT @cityofcalgary: Please RT widely @nenshi - The City asks that Calgarians LIMIT WATER USE as much as possible. Thank you. #yyc #yycflood,1
348265121010814976,RT @bradkane: special thanks to @parkscanada for charging me a cancellation fee for my camping spot in #banff this weekend. #abflood #lol #…,1
348206264863555585,RT @Mookalicious: This pic of an awesome firefighter in Mission needs to go viral.  Please share! #abflood http://t.co/H1YF3RhJZs,1
349297423690104834,"RT @KikkiPlanet: After researching, good to know almost all accusations of #yycgreedy are FALSE. Learn what pre #yycflood $ is before accus…",0
348541373953220608,RT @Mookalicious: This pic of an awesome firefighter in Mission needs to go viral.  Please share! #abflood http://t.co/H1YF3RhJZs,1
349846196229128192,RT @Mookalicious: I am blown away by this. The Dome has pumped out every drop of water!!  #abflood! http://t.co/kbPUZbWzim,1
348282967728197633,RT @cityofcalgary: Please RT widely @nenshi - The City asks that Calgarians LIMIT WATER USE as much as possible. Thank you. #yyc #yycflood,1
348293863565295616,RT @Cmdr_Hadfield: Floods are an unbridled misery. My heartfelt thoughts and wishes for a swift recovery to those battling the Alberta high…,1
348245168060768257,RT @cityofcalgary: Please RT widely @nenshi - The City asks that Calgarians LIMIT WATER USE as much as possible. Thank you. #yyc #yycflood,1
348255193898553344,RT @cityofcalgary: Please RT widely @nenshi - The City asks that Calgarians LIMIT WATER USE as much as possible. Thank you. #yyc #yycflood,1
350748448171098112,RT @Cmdr_Hadfield: Disaster Cam - we installed a telescope on ISS that's helping see extent of Alberta flooding: https://t.co/s4jMcCjNgN ht…,1
350108877162950658,"RT @WestJet: Our friend @WBrettWilson has committed $50K to #abflood relief for every Tweet/RT of #OMGP hashtag tonight. So far, $3k... Go!",1
349769473399595008,RT @Mookalicious: I am blown away by this. The Dome has pumped out every drop of water!!  #abflood! http://t.co/kbPUZbWzim,1
348994557809135616,RT @kbruce237: This pic of an awesome firefighter in Mission needs to go viral.  Please share! #yycflood @redcrosscanada http://t.co/3m3Aio…,1
349364868450754562,"RT @ShitNenshiHasto: I can't believe I have to say this, but we can't deliver wine if you don't specify red or white. #yycflood http://t.co…",0
348679757900169217,RT @EllisFun: Once we get this #yycflood cleaned up it's going to be more than evident why we all need to #shoplocal and support our own ne…,1
349243626070609920,RT @JShoota1: My brother snapped this pic of @TheoFleury14 buying supplies for the needy at Okotoks Costco. #abflood #yycflood http://t.co/…,0
350113707726090241,"RT @WestJet: Our friend @WBrettWilson has committed $50K to #abflood relief for every Tweet/RT of #OMGP hashtag tonight. So far, $3k... Go!",1
350327796226203649,RT @gramstyle6: Picture of the train #yycflood http://t.co/tRgc1UVOnM,1
348287348276068352,RT @BradenLatam: A strange sight for sure. MT @hpliszka: 1st time I've ever seen downtown without lights. #yycflood http://t.co/cezqfJUhk4 …,1
348229986118942721,RT @Mookalicious: This pic of an awesome firefighter in Mission needs to go viral.  Please share! #abflood http://t.co/H1YF3RhJZs,1
348266902893756417,RT @Mookalicious: This pic of an awesome firefighter in Mission needs to go viral.  Please share! #abflood http://t.co/H1YF3RhJZs,1
348304890600230912,RT @BradenLatam: A strange sight for sure. MT @hpliszka: 1st time I've ever seen downtown without lights. #yycflood http://t.co/cezqfJUhk4 …,1
349287176279818240,"RT @KikkiPlanet: After researching, good to know almost all accusations of #yycgreedy are FALSE. Learn what pre #yycflood $ is before accus…",1
348297147311063040,RT @dinnerwithjulie: Downtown Calgary at night without power. Eerie. #yycflood http://t.co/P3q5XADVZ4,0
349376894468235264,"RT @ShitNenshiHasto: I can't believe I have to say this, but we can't deliver wine if you don't specify red or white. #yycflood http://t.co…",0
350717405082820608,RT @Cmdr_Hadfield: Disaster Cam - we installed a telescope on ISS that's helping see extent of Alberta flooding: https://t.co/s4jMcCjNgN ht…,0
349190588173778945,RT @markusoff: IT'S ARRIVED. THE NUMBER: @crudereporter: BMO estimates cost of 2013 #abflood damage could be as high as $3.75-BILLION,0
348626140216311810,RT @CTVCalgary: Drop-In Centre wishlist - bring items to temp. centre (former hotel) 4804 Edmonton Trail NE #yyc #yycflood http://t.co/EATD…,1
350101656588922881,"RT @WestJet: Our friend @WBrettWilson has committed $50K to #abflood relief for every Tweet/RT of #OMGP hashtag tonight. So far, $3k... Go!",1
349747831206195201,RT @Mookalicious: I am blown away by this. The Dome has pumped out every drop of water!!  #abflood! http://t.co/kbPUZbWzim,1
348304451188162561,RT @dinnerwithjulie: Downtown Calgary at night without power. Eerie. #yycflood http://t.co/P3q5XADVZ4,1
348822791375695874,RT @EllisFun: Once we get this #yycflood cleaned up it's going to be more than evident why we all need to #shoplocal and support our own ne…,0
348265661153296386,RT @cityofcalgary: Please RT widely @nenshi - The City asks that Calgarians LIMIT WATER USE as much as possible. Thank you. #yyc #yycflood,1
348291358584352769,RT @BradenLatam: A strange sight for sure. MT @hpliszka: 1st time I've ever seen downtown without lights. #yycflood http://t.co/cezqfJUhk4 …,0
348312201930620928,RT @BradenLatam: A strange sight for sure. MT @hpliszka: 1st time I've ever seen downtown without lights. #yycflood http://t.co/cezqfJUhk4 …,1
348229311960055809,RT @Mookalicious: This pic of an awesome firefighter in Mission needs to go viral.  Please share! #abflood http://t.co/H1YF3RhJZs,1
348537596911157248,RT @CTVCalgary: Drop-In Centre wishlist - bring items to temp. centre (former hotel) 4804 Edmonton Trail NE #yyc #yycflood http://t.co/EATD…,0
350101321698902016,"RT @WestJet: Our friend @WBrettWilson has committed $50K to #abflood relief for every Tweet/RT of #OMGP hashtag tonight. So far, $3k... Go!",1
348254404530540544,"RT @NealaBarton: This is High River, AB from the air. Thoughts are with all who calls this town home. Just astounding. #abflood http://t.co…",1
348287317292756993,"RT @Dean_Murdoch: People are wonderin if I'm OK. I'm at the Saddldome, in the Nosebleeds, fishin.  #yycfloods",0
350110860322144256,"RT @WestJet: Our friend @WBrettWilson has committed $50K to #abflood relief for every Tweet/RT of #OMGP hashtag tonight. So far, $3k... Go!",1
349188497002864640,RT @markusoff: IT'S ARRIVED. THE NUMBER: @crudereporter: BMO estimates cost of 2013 #abflood damage could be as high as $3.75-BILLION,1
348252038632710144,RT @cityofcalgary: Please RT widely @nenshi - The City asks that Calgarians LIMIT WATER USE as much as possible. Thank you. #yyc #yycflood,1
348258385835196416,RT @cityofcalgary: Please RT widely @nenshi - The City asks that Calgarians LIMIT WATER USE as much as possible. Thank you. #yyc #yycflood,1
348208110906781696,RT @Mookalicious: This pic of an awesome firefighter in Mission needs to go viral.  Please share! #abflood http://t.co/H1YF3RhJZs,1
350142897485651968,"RT @WestJet: Our friend @WBrettWilson has committed $50K to #abflood relief for every Tweet/RT of #OMGP hashtag tonight. So far, $3k... Go!",1
348273518623997952,"RT @Dean_Murdoch: People are wonderin if I'm OK. I'm at the Saddldome, in the Nosebleeds, fishin.  #yycfloods",1
350060167456505857,"RT @ssedoga: Another pipeline spill in Alberta: more than 5,000 litres of oil leaked & flooding at head office hampering clean! uphttp://hu…",1
350069009963692034,RT @CHARCUT: Alley Burger at CHARCUT’s in the original ALLEY!!! around 9:30pm Free burgers or donations for Red Cross … #yycflood,0
349259417973293061,RT @JShoota1: My brother snapped this pic of @TheoFleury14 buying supplies for the needy at Okotoks Costco. #abflood #yycflood http://t.co/…,1
350129645733150720,"RT @WestJet: Our friend @WBrettWilson has committed $50K to #abflood relief for every Tweet/RT of #OMGP hashtag tonight. So far, $3k... Go!",1
348204594381328385,"RT @NealaBarton: This is High River, AB from the air. Thoughts are with all who calls this town home. Just astounding. #abflood http://t.co…",1
348478034770280448,RT @staceybrotzel: A must read. The Stampede needs us this yr. Lovely story by @DonBraid. Made me tear up. http://t.co/ZgkO6UE4QF #yycflood…,1
348303820905910274,RT @cityofcalgary: Please RT widely @nenshi - The City asks that Calgarians LIMIT WATER USE as much as possible. Thank you. #yyc #yycflood,1
350743810197823490,RT @Cmdr_Hadfield: Disaster Cam - we installed a telescope on ISS that's helping see extent of Alberta flooding: https://t.co/s4jMcCjNgN ht…,1
348258397335994368,RT @john_wallwork: $60 for this fruit platter at #midtowncoop #yycflood http://t.co/tGnqzy0LMB” Shame on @CalgaryCoop”. \Boycott all who pr…,0
348301331557134337,RT @kbruce237: This pic of an awesome firefighter in Mission needs to go viral.  Please share! #yycflood @redcrosscanada http://t.co/3m3Aio…,1
348252199211638786,RT @cityofcalgary: Please RT widely @nenshi - The City asks that Calgarians LIMIT WATER USE as much as possible. Thank you. #yyc #yycflood,1
349502754277953537,RT @cityofcalgary: Please RT widely @nenshi - The City asks that Calgarians LIMIT WATER USE as much as possible. Thank you. #yyc #yycflood,1
349243715107299330,RT @JShoota1: My brother snapped this pic of @TheoFleury14 buying supplies for the needy at Okotoks Costco. #abflood #yycflood http://t.co/…,1
348391296525795328,RT @Cmdr_Hadfield: Floods are an unbridled misery. My heartfelt thoughts and wishes for a swift recovery to those battling the Alberta high…,1
348782179519705088,RT @SheriDWilson: Love this: The Calgary Stampede's answer to whether or not they will proceed this year?! #abflood http://t.co/fWP6YoYpM0,1
348249650261786624,RT @cityofcalgary: Please RT widely @nenshi - The City asks that Calgarians LIMIT WATER USE as much as possible. Thank you. #yyc #yycflood,1
350311488084377600,RT @gramstyle6: Picture of the train #yycflood http://t.co/tRgc1UVOnM,0
348453429993160704,RT @staceybrotzel: A must read. The Stampede needs us this yr. Lovely story by @DonBraid. Made me tear up. http://t.co/ZgkO6UE4QF #yycflood…,0
348274867910619136,RT @cityofcalgary: Please RT widely @nenshi - The City asks that Calgarians LIMIT WATER USE as much as possible. Thank you. #yyc #yycflood,0
348287134744055809,"RT @Dean_Murdoch: People are wonderin if I'm OK. I'm at the Saddldome, in the Nosebleeds, fishin.  #yycfloods",1
351120204299902976,RT @HeatherGoesWest: Dear partisans of all stripes: stop using #yycflood to attempt to score cheap shots against whatever party you hate.,1
348346823364182017,RT @randychevrier: Glad to have @nenshi leading our city through this crisis. Montreal and Toronto Mayors take note. #leadership #yycflood,0
348354550392045569,RT @kbruce237: This pic of an awesome firefighter in Mission needs to go viral.  Please share! #yycflood @redcrosscanada http://t.co/3m3Aio…,1
349192091034845186,RT @markusoff: IT'S ARRIVED. THE NUMBER: @crudereporter: BMO estimates cost of 2013 #abflood damage could be as high as $3.75-BILLION,1
350836671127896065,RT @cityofcalgary: There will be fireworks at 10:45 pm off the centre street bridge for #canadaday #yycflood,1
348246955555696640,RT @cityofcalgary: Please RT widely @nenshi - The City asks that Calgarians LIMIT WATER USE as much as possible. Thank you. #yyc #yycflood,1
348258082758987776,RT @cityofcalgary: Please RT widely @nenshi - The City asks that Calgarians LIMIT WATER USE as much as possible. Thank you. #yyc #yycflood,1
350716813736280064,RT @Cmdr_Hadfield: Disaster Cam - we installed a telescope on ISS that's helping see extent of Alberta flooding: https://t.co/s4jMcCjNgN ht…,1
350101422110543872,"RT @WestJet: Our friend @WBrettWilson has committed $50K to #abflood relief for every Tweet/RT of #OMGP hashtag tonight. So far, $3k... Go!",1
348830740915552257,RT @EllisFun: Once we get this #yycflood cleaned up it's going to be more than evident why we all need to #shoplocal and support our own ne…,1
350219221805969409,"RT @WestJet: Our friend @WBrettWilson has committed $50K to #abflood relief for every Tweet/RT of #OMGP hashtag tonight. So far, $3k... Go!",1
348251535500775424,RT @cityofcalgary: Please RT widely @nenshi - The City asks that Calgarians LIMIT WATER USE as much as possible. Thank you. #yyc #yycflood,1
348193478565572609,RT @Mookalicious: This pic of an awesome firefighter in Mission needs to go viral.  Please share! #abflood http://t.co/H1YF3RhJZs,1
348293913263603712,RT @Cmdr_Hadfield: Floods are an unbridled misery. My heartfelt thoughts and wishes for a swift recovery to those battling the Alberta high…,0
350106285557030912,"RT @WestJet: Our friend @WBrettWilson has committed $50K to #abflood relief for every Tweet/RT of #OMGP hashtag tonight. So far, $3k... Go!",1
350025079318523904,RT @Mookalicious: I am blown away by this. The Dome has pumped out every drop of water!!  #abflood! http://t.co/kbPUZbWzim,1
349982160142352386,RT @aldjohnmar: My Team is still at Mission Safeway recruiting volunteers. Please come today or tomorrow at 0900 hrs #yyc #yyccc #yycflood,0
348304854520827904,RT @randychevrier: Glad to have @nenshi leading our city through this crisis. Montreal and Toronto Mayors take note. #leadership #yycflood,1
348305100554502144,"RT @NealaBarton: This is High River, AB from the air. Thoughts are with all who calls this town home. Just astounding. #abflood http://t.co…",1
348255396575715328,RT @Mookalicious: This pic of an awesome firefighter in Mission needs to go viral.  Please share! #abflood http://t.co/H1YF3RhJZs,1
348304944773869568,RT @Cmdr_Hadfield: Floods are an unbridled misery. My heartfelt thoughts and wishes for a swift recovery to those battling the Alberta high…,1
348195909751930881,RT @Mookalicious: This pic of an awesome firefighter in Mission needs to go viral.  Please share! #abflood http://t.co/H1YF3RhJZs,1
348293561529274368,RT @Cmdr_Hadfield: Floods are an unbridled misery. My heartfelt thoughts and wishes for a swift recovery to those battling the Alberta high…,1
351119552660242433,RT @HeatherGoesWest: Dear partisans of all stripes: stop using #yycflood to attempt to score cheap shots against whatever party you hate.,0
348346148987207681,RT @cityofcalgary: Please RT widely @nenshi - The City asks that Calgarians LIMIT WATER USE as much as possible. Thank you. #yyc #yycflood,1
349768631124631553,RT @Mookalicious: I am blown away by this. The Dome has pumped out every drop of water!!  #abflood! http://t.co/kbPUZbWzim,0
348529428512505856,RT @kbruce237: This pic of an awesome firefighter in Mission needs to go viral.  Please share! #yycflood @redcrosscanada http://t.co/3m3Aio…,1
348244924531089408,RT @cityofcalgary: Please RT widely @nenshi - The City asks that Calgarians LIMIT WATER USE as much as possible. Thank you. #yyc #yycflood,1
349360095374753792,"RT @GlobalCalgary: In non #yycflood related news...the Chicago Blackhawks have won the Stanley Cup, with a 3-2 win over the Boston Bruins. …",1
348244999240028160,RT @cityofcalgary: Please RT widely @nenshi - The City asks that Calgarians LIMIT WATER USE as much as possible. Thank you. #yyc #yycflood,1
324087799051612160,RT @HitEmBeats: Need Real Traffic For Your Website? Sign Up at http://t.co/9JwD4oUFpd\#seo #website #traffic #blog  #prayforboston #5Wor ...,0
324751366050439172,RT @Ratchet2English: So far this week\- #prayfortexas \- #prayforboston \- two 14 year olds killed a homeless man as a dare\- bomb threa ...,1
324744602483572738,RT @CommonWhiteGirI: So far this week\- #prayfortexas \- #prayforboston \- two 14 year olds killed a homeless man as a dare\- bomb threa ...,1
325201647758368768,"RT @YourAnonNews: #BostonMarathon In case you're just joining us, here's what's going on: http://t.co/dUdGInApye",1
324738751031042048,RT @Ratchet2English: So far this week\- #prayfortexas \- #prayforboston \- two 14 year olds killed a homeless man as a dare\- bomb threa ...,0
325161416061485056,"RT @YourAnonNews: #BostonMarathon In case you're just joining us, here's what's going on: http://t.co/dUdGInApye",1
325119535411761152,RT @911BUFF: BOSTON UNDER ATTACK! BOTH SUSPECTS ARE IN CUSTODY AND BEING QUESTIONED BY THE FBI. #911BUFF,1
324061253892972544,RT @HitEmBeats: Need Real Traffic For Your Website? Sign Up at http://t.co/9JwD4oUFpd\#seo #website #traffic #blog  #prayforboston #5Wor ...,0
324225800792592384,RT @JLester31: PROUD to represent the STRONG city of Boston! PROUD to wear a Boston Red Sox jersey! #BostonStrong #PrayForBoston http:// ...,1
324986814244986880,RT @Ratchet2English: So far this week\- #prayfortexas \- #prayforboston \- two 14 year olds killed a homeless man as a dare\- bomb threats …,1
324741592005111809,RT @CommonWhiteGirI: So far this week\- #prayfortexas \- #prayforboston \- two 14 year olds killed a homeless man as a dare\- bomb threa ...,1
324955560409714689,RT @Ratchet2English: So far this week\- #prayfortexas \- #prayforboston \- two 14 year olds killed a homeless man as a dare\- bomb threa ...,1
324736255575351298,RT @Ratchet2English: So far this week\- #prayfortexas \- #prayforboston \- two 14 year olds killed a homeless man as a dare\- bomb threa ...,1
324884429862469632,RT @MarioPalush: So far this week\- #prayfortexas \- #prayforboston \- two 14 year olds killed a homeless man as a dare\- bomb threats \ ...,0
324745127744643073,RT @Ratchet2English: So far this week\- #prayfortexas \- #prayforboston \- two 14 year olds killed a homeless man as a dare\- bomb threa ...,1
324744809849970688,RT @CommonWhiteGirI: So far this week\- #prayfortexas \- #prayforboston \- two 14 year olds killed a homeless man as a dare\- bomb threa ...,1
324082021179740160,RT @HitEmBeats: Need Real Traffic For Your Website? Sign Up at http://t.co/9JwD4oUFpd\#seo #website #traffic #blog  #prayforboston #5Wor ...,0
324114528260456448,RT @LoveForBoston: This is literally the saddest thing I have ever read #prayforboston http://t.co/Q3H4Pd69cM,1
324079405129404416,RT @HitEmBeats: Need Real Traffic For Your Website? Sign Up at http://t.co/9JwD4oUFpd\#seo #website #traffic #blog  #prayforboston #5Wor ...,0
324258468871667712,RT @paulajradcliffe: @LondonNici72: #VLM runners .... I will for #BostonMarathon. please help spread the message. http://t.co/852c8lQ10R,1
324772491702722560,RT @Ratchet2English: So far this week\- #prayfortexas \- #prayforboston \- two 14 year olds killed a homeless man as a dare\- bomb threa ...,1
324603206468526081,"RT @Ustream: BREAKING: Moakley Federal Courthouse in Boston, MA is being evacuated due to a bomb threat. Live updates: http://t.co/iOPYX ...",1
325031724528586752,RT @CommonWhiteGirI: So far this week\- #prayfortexas \- #prayforboston \- two 14 year olds killed a homeless man as a dare\- bomb threa ...,0
324885347278397441,RT @MarioPalush: So far this week\- #prayfortexas \- #prayforboston \- two 14 year olds killed a homeless man as a dare\- bomb threats \ ...,1
324251184942698497,RT @JLester31: PROUD to represent the STRONG city of Boston! PROUD to wear a Boston Red Sox jersey! #BostonStrong #PrayForBoston http:// ...,0
325162107098234880,"RT @YourAnonNews: #BostonMarathon In case you're just joining us, here's what's going on: http://t.co/dUdGInApye",1
324936923544166403,RT @Ratchet2English: So far this week\- #prayfortexas \- #prayforboston \- two 14 year olds killed a homeless man as a dare\- bomb threa ...,1
325161512144609282,"RT @YourAnonNews: #BostonMarathon In case you're just joining us, here's what's going on: http://t.co/dUdGInApye",1
324750842903269376,RT @Ratchet2English: So far this week\- #prayfortexas \- #prayforboston \- two 14 year olds killed a homeless man as a dare\- bomb threa ...,1
324065912951013376,RT @HitEmBeats: Need Real Traffic For Your Website? Sign Up at http://t.co/9JwD4oUFpd\#seo #website #traffic #blog  #prayforboston #5Wor ...,1
324735532213084161,RT @Ratchet2English: So far this week\- #prayfortexas \- #prayforboston \- two 14 year olds killed a homeless man as a dare\- bomb threa ...,1
325141076497276930,RT @AKitz: Bomb squad robot inspecting the back seat of the sedan #mitshooting #mit #boston http://t.co/gu8XCPu2JP,1
324743004063686656,RT @Ratchet2English: So far this week\- #prayfortexas \- #prayforboston \- two 14 year olds killed a homeless man as a dare\- bomb threa ...,1
324079372791328768,RT @HitEmBeats: Need Real Traffic For Your Website? Sign Up at http://t.co/9JwD4oUFpd\#seo #website #traffic #blog  #prayforboston #5Wor ...,0
325139586588213248,RT @AKitz: Bomb squad robot inspecting the back seat of the sedan #mitshooting #mit #boston http://t.co/gu8XCPu2JP,0
325076229868908546,RT @K_Gregoire2012: “ They think this funny? Well let's get this pic trending. Show just how funny they are. #PrayForBoston #RT http://t ...,0
324881651580686336,RT @MarioPalush: So far this week\- #prayfortexas \- #prayforboston \- two 14 year olds killed a homeless man as a dare\- bomb threats \ ...,1
324056229230047232,RT @HitEmBeats: Need Real Traffic For Your Website? Sign Up at http://t.co/9JwD4oUFpd\#seo #website #traffic #blog  #prayforboston #5Wor ...,1
324781130123460608,RT @Ratchet2English: So far this week\- #prayfortexas \- #prayforboston \- two 14 year olds killed a homeless man as a dare\- bomb threa ...,1
325118288717811712,RT @911BUFF: BOSTON UNDER ATTACK! BOTH SUSPECTS ARE IN CUSTODY AND BEING QUESTIONED BY THE FBI. #911BUFF,0
324779915079729152,RT @Ratchet2English: So far this week\- #prayfortexas \- #prayforboston \- two 14 year olds killed a homeless man as a dare\- bomb threa ...,1
323992134426451968,RT @LoveForBoston: This is literally the saddest thing I have ever read #prayforboston http://t.co/Q3H4Pd69cM,0
324944275693510657,RT @Ratchet2English: So far this week\- #prayfortexas \- #prayforboston \- two 14 year olds killed a homeless man as a dare\- bomb threa ...,1
324055187750785024,RT @HitEmBeats: Need Real Traffic For Your Website? Sign Up at http://t.co/9JwD4oUFpd\#seo #website #traffic #blog  #prayforboston #5Wor ...,1
325029497105707008,RT @Ratchet2English: So far this week\- #prayfortexas \- #prayforboston \- two 14 year olds killed a homeless man as a dare\- bomb threa ...,1
325164439164821504,"RT @YourAnonNews: #BostonMarathon In case you're just joining us, here's what's going on: http://t.co/dUdGInApye",0
324752878151544833,RT @Ratchet2English: So far this week\- #prayfortexas \- #prayforboston \- two 14 year olds killed a homeless man as a dare\- bomb threa ...,1
324860269580935170,RT @CommonWhiteGirI: So far this week\- #prayfortexas \- #prayforboston \- two 14 year olds killed a homeless man as a dare\- bomb threa ...,1
324842849990479873,RT @CommonWhiteGirI: So far this week\- #prayfortexas \- #prayforboston \- two 14 year olds killed a homeless man as a dare\- bomb threa ...,1
325327913195032576,"RT @YourAnonNews: #BostonMarathon In case you're just joining us, here's what's going on: http://t.co/dUdGInApye",1
324848191403089920,RT @CommonWhiteGirI: So far this week\- #prayfortexas \- #prayforboston \- two 14 year olds killed a homeless man as a dare\- bomb threa ...,1
325161838843162624,"RT @YourAnonNews: #BostonMarathon In case you're just joining us, here's what's going on: http://t.co/dUdGInApye",1
324742062220120064,RT @CommonWhiteGirI: So far this week\- #prayfortexas \- #prayforboston \- two 14 year olds killed a homeless man as a dare\- bomb threa ...,0
324965078245986305,RT @Ratchet2English: So far this week\- #prayfortexas \- #prayforboston \- two 14 year olds killed a homeless man as a dare\- bomb threa ...,1
324848656912089088,RT @Ratchet2English: So far this week\- #prayfortexas \- #prayforboston \- two 14 year olds killed a homeless man as a dare\- bomb threa ...,1
324072296140648449,RT @HitEmBeats: Need Real Traffic For Your Website? Sign Up at http://t.co/9JwD4oUFpd\#seo #website #traffic #blog  #prayforboston #5Wor ...,0
324637100760776704,RT @Discoverypics: Don't stop retweeting. This is a sick world we live in.. #prayforboston http://t.co/E6tPOYZKFF,0
324764205020504064,RT @Ratchet2English: So far this week\- #prayfortexas \- #prayforboston \- two 14 year olds killed a homeless man as a dare\- bomb threa ...,0
324929433360297985,RT @MarioPalush: So far this week\- #prayfortexas \- #prayforboston \- two 14 year olds killed a homeless man as a dare\- bomb threats \ ...,1
324915700659535872,RT @Ratchet2English: So far this week\- #prayfortexas \- #prayforboston \- two 14 year olds killed a homeless man as a dare\- bomb threa ...,1
325139623904935936,RT @AKitz: Bomb squad robot inspecting the back seat of the sedan #mitshooting #mit #boston http://t.co/gu8XCPu2JP,1
324084928637726721,RT @HitEmBeats: Need Real Traffic For Your Website? Sign Up at http://t.co/9JwD4oUFpd\#seo #website #traffic #blog  #prayforboston #5Wor ...,0
324669234267439105,RT @Discoverypics: Don't stop retweeting. This is a sick world we live in.. #prayforboston http://t.co/E6tPOYZKFF,1
324725663108046848,RT @K_Gregoire2012: “ They think this funny? Well let's get this pic trending. Show just how funny they are. #PrayForBoston #RT http://t ...,1
324936403307859968,RT @Ratchet2English: So far this week\- #prayfortexas \- #prayforboston \- two 14 year olds killed a homeless man as a dare\- bomb threa ...,1
324602824346435585,"RT @Ustream: BREAKING: Moakley Federal Courthouse in Boston, MA is being evacuated due to a bomb threat. Live updates: http://t.co/iOPYX ...",0
324883196263161858,RT @MarioPalush: So far this week\- #prayfortexas \- #prayforboston \- two 14 year olds killed a homeless man as a dare\- bomb threats \ ...,1
324856329091039233,RT @Ratchet2English: So far this week\- #prayfortexas \- #prayforboston \- two 14 year olds killed a homeless man as a dare\- bomb threa ...,1
324230359371890688,RT @paulajradcliffe: @LondonNici72: #VLM runners .... I will for #BostonMarathon. please help spread the message. http://t.co/852c8lQ10R,0
324735541323104256,RT @Ratchet2English: So far this week\- #prayfortexas \- #prayforboston \- two 14 year olds killed a homeless man as a dare\- bomb threa ...,1
325162797778481153,"RT @YourAnonNews: #BostonMarathon In case you're just joining us, here's what's going on: http://t.co/dUdGInApye",0
325125739286503424,RT @Ratchet2English: So far this week\- #prayfortexas \- #prayforboston \- two 14 year olds killed a homeless man as a dare\- bomb threats …,0
325148495839371264,RT @AKitz: Bomb squad robot inspecting the back seat of the sedan #mitshooting #mit #boston http://t.co/gu8XCPu2JP,1
339727078545047552,RT @Starbucks: Free tall brewed coffee today when you donate to the United Way of Central Oklahoma at participating US Starbucks. http://t.…,1
337708499486261248,RT @TimedPerfectIy: Tornado meets a rainbow http://t.co/hIgYVgFIXO,1
336892770503507968,"RT @ArianaGrande: Love and prayers, Oklahoma. So incredibly devastating.",1
339752002101846017,RT @Starbucks: Free tall brewed coffee today when you donate to the United Way of Central Oklahoma at participating US Starbucks. http://t.…,1
337964347450068992,RT @TimedAmazingly: Tornado meets a rainbow http://t.co/EnKF8SRnZ9,1
336887864015077376,RT @EndyDesigns: Severe weather w/hail headed now to Moore! Please spread word to inform rescue workers. Please retweet!,1
337751801229090816,RT @mirandalambert: If you don't believe...you should .... God bless the Oklahoma Sky http://t.co/56c4Qrtt0z,0
337787189096218624,RT @mirandalambert: If you don't believe...you should .... God bless the Oklahoma Sky http://t.co/56c4Qrtt0z,1
336913198936625154,"RT @ArianaGrande: Love and prayers, Oklahoma. So incredibly devastating.",1
337416016957161472,"RT @YourAnonNews: Westboro Baptist is in Norman,Ok Now! Planning on picketing in #Moore Friday. Spread the word #OpOk http://t.co/uaJMFWvMB…",0
336887322190680064,RT @EndyDesigns: Severe weather w/hail headed now to Moore! Please spread word to inform rescue workers. Please retweet!,0
336966788166328320,RT @TimedPerfectIy: Tornado meets a rainbow http://t.co/hIgYVgFIXO,1
339707647513198592,RT @Starbucks: Free tall brewed coffee today when you donate to the United Way of Central Oklahoma at participating US Starbucks. http://t.…,1
337751323799855104,RT @mirandalambert: If you don't believe...you should .... God bless the Oklahoma Sky http://t.co/56c4Qrtt0z,0
339750105907335168,RT @Starbucks: Free tall brewed coffee today when you donate to the United Way of Central Oklahoma at participating US Starbucks. http://t.…,0
337040033007669248,"RT @ArianaGrande: Love and prayers, Oklahoma. So incredibly devastating.",1
339709152127496192,RT @Starbucks: Free tall brewed coffee today when you donate to the United Way of Central Oklahoma at participating US Starbucks. http://t.…,1
337619626894692354,RT @YourAnonNews: Oklahoma passes law to restrict WBC protests: http://t.co/2OLaIfDZYT,1
339710585228902401,RT @Starbucks: Free tall brewed coffee today when you donate to the United Way of Central Oklahoma at participating US Starbucks. http://t.…,1
339713132597485569,RT @Starbucks: Free tall brewed coffee today when you donate to the United Way of Central Oklahoma at participating US Starbucks. http://t.…,0
337591797444395008,RT @YourAnonNews: Oklahoma passes law to restrict WBC protests: http://t.co/2OLaIfDZYT,0
337503356652228611,RT @TimedPerfectIy: Tornado meets a rainbow http://t.co/hIgYVgFIXO,0
337749178627276802,RT @mirandalambert: If you don't believe...you should .... God bless the Oklahoma Sky http://t.co/56c4Qrtt0z,1
339143842991337473,There's not enough wind in Oklahoma to rip the nails out of the past.,0
337087335386710016,"RT @ArianaGrande: Love and prayers, Oklahoma. So incredibly devastating.",1
336946290011291649,RT @TimedAmazingly: Tornado meets a rainbow http://t.co/EnKF8SRnZ9,0
336935618321977345,"RT @ArianaGrande: Love and prayers, Oklahoma. So incredibly devastating.",1
336891778873569280,"RT @ArianaGrande: Love and prayers, Oklahoma. So incredibly devastating.",0
339738665024634881,RT @Starbucks: Free tall brewed coffee today when you donate to the United Way of Central Oklahoma at participating US Starbucks. http://t.…,1
336890940088270849,"RT @ArianaGrande: Love and prayers, Oklahoma. So incredibly devastating.",1
337423503978528768,"RT @YourAnonNews: Westboro Baptist is in Norman,Ok Now! Planning on picketing in #Moore Friday. Spread the word #OpOk http://t.co/uaJMFWvMB…",1
336660311740383232,There's not enough wind in Oklahoma to rip the nails out of the past.,1
339751707410038784,RT @Starbucks: Free tall brewed coffee today when you donate to the United Way of Central Oklahoma at participating US Starbucks. http://t.…,1
337296205061160963,RT @amazingtiming: Tornado meets a rainbow. #AmazingTiming http://t.co/KNX7ZMI3ay,0
336891157520977921,"RT @ArianaGrande: Love and prayers, Oklahoma. So incredibly devastating.",1
337012308616290306,"RT @ArianaGrande: Love and prayers, Oklahoma. So incredibly devastating.",1
336895075370016768,"RT @ArianaGrande: Love and prayers, Oklahoma. So incredibly devastating.",1
336831391255900161,RT @amazingtiming: Tornado meets a rainbow. #AmazingTiming http://t.co/KNX7ZMI3ay,1
336888458960310272,RT @EndyDesigns: Severe weather w/hail headed now to Moore! Please spread word to inform rescue workers. Please retweet!,1
337595118179713024,"RT @YourAnonNews: Westboro Baptist is in Norman,Ok Now! Planning on picketing in #Moore Friday. Spread the word #OpOk http://t.co/uaJMFWvMB…",0
337413244518014977,"RT @YourAnonNews: Westboro Baptist is in Norman,Ok Now! Planning on picketing in #Moore Friday. Spread the word #OpOk http://t.co/uaJMFWvMB…",1
337009475330375682,"RT @ArianaGrande: Love and prayers, Oklahoma. So incredibly devastating.",1
336899731584323586,"RT @ArianaGrande: Love and prayers, Oklahoma. So incredibly devastating.",1
336922733315235840,"RT @ArianaGrande: Love and prayers, Oklahoma. So incredibly devastating.",1
295516253966180354,RT @7NewsBrisbane: Foam from rough waves at Alexandra Headland resembles snow on the Sunshine Coast #staysafe #bigwet #queensland #flood ...,1
295497186148503552,RT @7NewsBrisbane: Foam from rough waves at Alexandra Headland resembles snow on the Sunshine Coast #staysafe #bigwet #queensland #flood ...,1
296221249036771328,"RT @Andrew_J_Morley: Hearts go out out to the flood affected in Australia, and also to those in Mozambique, Africa. Also hit hard, 36 de ...",1
295503121835249664,RT @7NewsBrisbane: Foam from rough waves at Alexandra Headland resembles snow on the Sunshine Coast #staysafe #bigwet #queensland #flood ...,0
296452252636426240,RT @australian: Man's body found in Lockyer Valley: THE death toll in Queensland's flood disaster is set to rise with police rep... http ...,1
295492394919538688,RT @7NewsBrisbane: Foam from rough waves at Alexandra Headland resembles snow on the Sunshine Coast #staysafe #bigwet #queensland #flood ...,1
296217779810492416,"RT @Andrew_J_Morley: Hearts go out out to the flood affected in Australia, and also to those in Mozambique, Africa. Also hit hard, 36 de ...",0
295464637774852097,RT @7NewsBrisbane: Foam from rough waves at Alexandra Headland resembles snow on the Sunshine Coast #staysafe #bigwet #queensland #flood ...,1
296894114836930561,RT @tourismqld: Details on flood assistance for #Queensland small businesses in today's special edition of TEQ Industry News - https://t ...,1
295458419798835200,RT @7NewsBrisbane: Foam from rough waves at Alexandra Headland resembles snow on the Sunshine Coast #staysafe #bigwet #queensland #flood ...,1
296904054829875200,"RT @stinkypoocrust: Australia - if you aren't being swept away in a flood, you're being burnt alive  while seeking asylum on an island n ...",1
295493694600146944,RT @7NewsBrisbane: Foam from rough waves at Alexandra Headland resembles snow on the Sunshine Coast #staysafe #bigwet #queensland #flood ...,1
295707798182977537,RT @7NewsBrisbane: Foam from rough waves at Alexandra Headland resembles snow on the Sunshine Coast #staysafe #bigwet #queensland #flood ...,1
295641349166886913,RT @theage: Brisbane expected to flood. Latest from Queensland http://t.co/OHffyCUb via @brisbanetimes,1
297229234265522176,"RT @maddiet5: You're seven days too late, Campbell #qldpol #auspol #Newmania RT @SBSNews Shock turns to rage in flood-hit Queensland: ht ...",1
295852316786032642,"RT @great_one04: Damn it what's happening to Australia, we burn in flames, we flood in waters.... My twin sis& family stuck in QLD f ...",0
295465565907193856,RT @7NewsBrisbane: Foam from rough waves at Alexandra Headland resembles snow on the Sunshine Coast #staysafe #bigwet #queensland #flood ...,1
295740583228628992,RT @australian: Abbott raises spectre of new flood levy: TONY Abbott has warned Labor may seek to raise taxes to fund Queensland... http ...,0
295468326723911680,RT @7NewsBrisbane: Foam from rough waves at Alexandra Headland resembles snow on the Sunshine Coast #staysafe #bigwet #queensland #flood ...,1
295469112845549568,RT @7NewsBrisbane: Foam from rough waves at Alexandra Headland resembles snow on the Sunshine Coast #staysafe #bigwet #queensland #flood ...,1
295466493322346496,RT @7NewsBrisbane: Foam from rough waves at Alexandra Headland resembles snow on the Sunshine Coast #staysafe #bigwet #queensland #flood ...,1
295452270915645440,RT @7NewsBrisbane: Foam from rough waves at Alexandra Headland resembles snow on the Sunshine Coast #staysafe #bigwet #queensland #flood ...,1
295673592128102401,RT @7NewsBrisbane: Foam from rough waves at Alexandra Headland resembles snow on the Sunshine Coast #staysafe #bigwet #queensland #flood ...,1
295473667792576513,RT @7NewsBrisbane: Foam from rough waves at Alexandra Headland resembles snow on the Sunshine Coast #staysafe #bigwet #queensland #flood ...,1
296462073842511872,RT @australian: Man's body found in Lockyer Valley: THE death toll in Queensland's flood disaster is set to rise with police rep... http ...,1
295884735606054912,RT @ahmedalkhobar: @saudiinaus @SauClubBrisbane Watch Flood hits Queensland and foam car appears out of nowhere FUNNY on YouTube - htt ...,0
296091973520076801,Can we just be Australia and have a sea foam flood instead?,1
295703037777940480,RT @7NewsBrisbane: Foam from rough waves at Alexandra Headland resembles snow on the Sunshine Coast #staysafe #bigwet #queensland #flood ...,1
295702460914348032,RT @7NewsBrisbane: Foam from rough waves at Alexandra Headland resembles snow on the Sunshine Coast #staysafe #bigwet #queensland #flood ...,1
295882433398722560,RT @ahmedalkhobar: @saudiinaus @SauClubBrisbane Watch Flood hits Queensland and foam car appears out of nowhere FUNNY on YouTube - htt ...,1
295514217694498816,RT @7NewsBrisbane: Foam from rough waves at Alexandra Headland resembles snow on the Sunshine Coast #staysafe #bigwet #queensland #flood ...,0
295451317361602560,RT @7NewsBrisbane: Foam from rough waves at Alexandra Headland resembles snow on the Sunshine Coast #staysafe #bigwet #queensland #flood ...,1
295493214591401984,RT @7NewsBrisbane: Foam from rough waves at Alexandra Headland resembles snow on the Sunshine Coast #staysafe #bigwet #queensland #flood ...,1
295879374132101120,RT @ahmedalkhobar: @saudiinaus @SauClubBrisbane Watch Flood hits Queensland and foam car appears out of nowhere FUNNY on YouTube - htt ...,1
296978314474684416,RT @tourismqld: Details on flood assistance for #Queensland small businesses in today's special edition of TEQ Industry News - https://t ...,1
295474897973551104,RT @7NewsBrisbane: Foam from rough waves at Alexandra Headland resembles snow on the Sunshine Coast #staysafe #bigwet #queensland #flood ...,1
295503776939376640,RT @7NewsBrisbane: Foam from rough waves at Alexandra Headland resembles snow on the Sunshine Coast #staysafe #bigwet #queensland #flood ...,1
295467291926228992,RT @7NewsBrisbane: Foam from rough waves at Alexandra Headland resembles snow on the Sunshine Coast #staysafe #bigwet #queensland #flood ...,1
296217804523335680,"RT @Andrew_J_Morley: Hearts go out out to the flood affected in Australia, and also to those in Mozambique, Africa. Also hit hard, 36 de ...",1
296093262295478273,"RT @great_one04: Damn it what's happening to Australia, we burn in flames, we flood in waters.... My twin sis& family stuck in QLD f ...",1
296904687393857536,"RT @stinkypoocrust: Australia - if you aren't being swept away in a flood, you're being burnt alive  while seeking asylum on an island n ...",0
295692342172729345,RT @7NewsBrisbane: Foam from rough waves at Alexandra Headland resembles snow on the Sunshine Coast #staysafe #bigwet #queensland #flood ...,1
295872795328532480,RT @TenLateNews: Tony Abbott says Labor may seek new Queensland flood levy http://t.co/T3DVXAJ7 @mattdoran22,0
295455881561247744,RT @7NewsBrisbane: Foam from rough waves at Alexandra Headland resembles snow on the Sunshine Coast #staysafe #bigwet #queensland #flood ...,1
295641514489561088,RT @theage: Brisbane expected to flood. Latest from Queensland http://t.co/OHffyCUb via @brisbanetimes,1
295456835916398593,RT @7NewsBrisbane: Foam from rough waves at Alexandra Headland resembles snow on the Sunshine Coast #staysafe #bigwet #queensland #flood ...,1
295493425413910529,RT @7NewsBrisbane: Foam from rough waves at Alexandra Headland resembles snow on the Sunshine Coast #staysafe #bigwet #queensland #flood ...,1
295465600757686272,RT @7NewsBrisbane: Foam from rough waves at Alexandra Headland resembles snow on the Sunshine Coast #staysafe #bigwet #queensland #flood ...,1
296905124222210048,"RT @stinkypoocrust: Australia - if you aren't being swept away in a flood, you're being burnt alive  while seeking asylum on an island n ...",1
297091445901361152,RT @tourismqld: Details on flood assistance for #Queensland small businesses in today's special edition of TEQ Industry News - https://t ...,0
295743498341199872,RT @australian: Abbott raises spectre of new flood levy: TONY Abbott has warned Labor may seek to raise taxes to fund Queensland... http ...,1
296453754885140480,RT @australian: Man's body found in Lockyer Valley: THE death toll in Queensland's flood disaster is set to rise with police rep... http ...,0
295461162424864769,RT @7NewsBrisbane: Foam from rough waves at Alexandra Headland resembles snow on the Sunshine Coast #staysafe #bigwet #queensland #flood ...,1
295455474051055616,RT @7NewsBrisbane: Foam from rough waves at Alexandra Headland resembles snow on the Sunshine Coast #staysafe #bigwet #queensland #flood ...,1
296224492320067584,"RT @Andrew_J_Morley: Hearts go out out to the flood affected in Australia, and also to those in Mozambique, Africa. Also hit hard, 36 de ...",1
295657683149811712,RT @7NewsBrisbane: Foam from rough waves at Alexandra Headland resembles snow on the Sunshine Coast #staysafe #bigwet #queensland #flood ...,1
296946265760075776,"RT @stinkypoocrust: Australia - if you aren't being swept away in a flood, you're being burnt alive  while seeking asylum on an island n ...",1
296219577409495040,"RT @Andrew_J_Morley: Hearts go out out to the flood affected in Australia, and also to those in Mozambique, Africa. Also hit hard, 36 de ...",1
295639805042249728,RT @theage: Brisbane expected to flood. Latest from Queensland http://t.co/OHffyCUb via @brisbanetimes,1
296218302848581633,"RT @Andrew_J_Morley: Hearts go out out to the flood affected in Australia, and also to those in Mozambique, Africa. Also hit hard, 36 de ...",1
295865430348820481,"RT @great_one04: Damn it what's happening to Australia, we burn in flames, we flood in waters.... My twin sis& family stuck in QLD f ...",1
295688843200450560,RT @7NewsBrisbane: Foam from rough waves at Alexandra Headland resembles snow on the Sunshine Coast #staysafe #bigwet #queensland #flood ...,1
296450963894591488,RT @australian: Man's body found in Lockyer Valley: THE death toll in Queensland's flood disaster is set to rise with police rep... http ...,1
297232112619249664,"RT @maddiet5: You're seven days too late, Campbell #qldpol #auspol #Newmania RT @SBSNews Shock turns to rage in flood-hit Queensland: ht ...",0
295451761676783616,RT @7NewsBrisbane: Foam from rough waves at Alexandra Headland resembles snow on the Sunshine Coast #staysafe #bigwet #queensland #flood ...,1
295641891863670784,RT @theage: Brisbane expected to flood. Latest from Queensland http://t.co/OHffyCUb via @brisbanetimes,0
295466397029498880,RT @7NewsBrisbane: Foam from rough waves at Alexandra Headland resembles snow on the Sunshine Coast #staysafe #bigwet #queensland #flood ...,1
295457886644092928,RT @7NewsBrisbane: Foam from rough waves at Alexandra Headland resembles snow on the Sunshine Coast #staysafe #bigwet #queensland #flood ...,1
297239726530895872,"RT @maddiet5: You're seven days too late, Campbell #qldpol #auspol #Newmania RT @SBSNews Shock turns to rage in flood-hit Queensland: ht ...",1
295469311814946816,RT @7NewsBrisbane: Foam from rough waves at Alexandra Headland resembles snow on the Sunshine Coast #staysafe #bigwet #queensland #flood ...,1
297228242337796096,"RT @maddiet5: You're seven days too late, Campbell #qldpol #auspol #Newmania RT @SBSNews Shock turns to rage in flood-hit Queensland: ht ...",1
295502800014675969,RT @7NewsBrisbane: Foam from rough waves at Alexandra Headland resembles snow on the Sunshine Coast #staysafe #bigwet #queensland #flood ...,1
295478007731200000,RT @7NewsBrisbane: Foam from rough waves at Alexandra Headland resembles snow on the Sunshine Coast #staysafe #bigwet #queensland #flood ...,1
296092248716763137,Can we just be Australia and have a sea foam flood instead?,0
295475825430654976,RT @7NewsBrisbane: Foam from rough waves at Alexandra Headland resembles snow on the Sunshine Coast #staysafe #bigwet #queensland #flood ...,1
295497476625014784,RT @7NewsBrisbane: Foam from rough waves at Alexandra Headland resembles snow on the Sunshine Coast #staysafe #bigwet #queensland #flood ...,1
296985186644668416,"RT @stinkypoocrust: Australia - if you aren't being swept away in a flood, you're being burnt alive  while seeking asylum on an island n ...",1
296218134120132610,"RT @Andrew_J_Morley: Hearts go out out to the flood affected in Australia, and also to those in Mozambique, Africa. Also hit hard, 36 de ...",1
295488689746874368,RT @7NewsBrisbane: Foam from rough waves at Alexandra Headland resembles snow on the Sunshine Coast #staysafe #bigwet #queensland #flood ...,1
295679086079123457,RT @7NewsBrisbane: Foam from rough waves at Alexandra Headland resembles snow on the Sunshine Coast #staysafe #bigwet #queensland #flood ...,1
296231963436654592,"RT @Andrew_J_Morley: Hearts go out out to the flood affected in Australia, and also to those in Mozambique, Africa. Also hit hard, 36 de ...",1
295654287206387713,RT @theage: Brisbane expected to flood. Latest from Queensland http://t.co/OHffyCUb via @brisbanetimes,1
297098641632526337,RT @tourismqld: Details on flood assistance for #Queensland small businesses in today's special edition of TEQ Industry News - https://t ...,1
295797936292495360,RT @australian: Abbott raises spectre of new flood levy: TONY Abbott has warned Labor may seek to raise taxes to fund Queensland... http ...,1
295503603324551168,RT @7NewsBrisbane: Foam from rough waves at Alexandra Headland resembles snow on the Sunshine Coast #staysafe #bigwet #queensland #flood ...,1
295492583285735424,RT @7NewsBrisbane: Foam from rough waves at Alexandra Headland resembles snow on the Sunshine Coast #staysafe #bigwet #queensland #flood ...,1
295643700980224000,RT @theage: Brisbane expected to flood. Latest from Queensland http://t.co/OHffyCUb via @brisbanetimes,1
295470307836301314,RT @7NewsBrisbane: Foam from rough waves at Alexandra Headland resembles snow on the Sunshine Coast #staysafe #bigwet #queensland #flood ...,0
295452249256239104,RT @7NewsBrisbane: Foam from rough waves at Alexandra Headland resembles snow on the Sunshine Coast #staysafe #bigwet #queensland #flood ...,1
295452848509030400,RT @7NewsBrisbane: Foam from rough waves at Alexandra Headland resembles snow on the Sunshine Coast #staysafe #bigwet #queensland #flood ...,1
295458159542292480,RT @7NewsBrisbane: Foam from rough waves at Alexandra Headland resembles snow on the Sunshine Coast #staysafe #bigwet #queensland #flood ...,1
295736226789597184,RT @7NewsBrisbane: Foam from rough waves at Alexandra Headland resembles snow on the Sunshine Coast #staysafe #bigwet #queensland #flood ...,1
296218096090378240,RT @7NewsBrisbane: Foam from rough waves at Alexandra Headland resembles snow on the Sunshine Coast #staysafe #bigwet #queensland #flood ...,1
295875512587395072,RT @7NewsBrisbane: Foam from rough waves at Alexandra Headland resembles snow on the Sunshine Coast #staysafe #bigwet #queensland #flood ...,1
295461526570168323,RT @7NewsBrisbane: Foam from rough waves at Alexandra Headland resembles snow on the Sunshine Coast #staysafe #bigwet #queensland #flood ...,1
296217956545867776,"RT @Andrew_J_Morley: Hearts go out out to the flood affected in Australia, and also to those in Mozambique, Africa. Also hit hard, 36 de ...",1
295716217136762881,RT @theage: Brisbane expected to flood. Latest from Queensland http://t.co/OHffyCUb via @brisbanetimes,1
295870350053482496,RT @TenLateNews: Tony Abbott says Labor may seek new Queensland flood levy http://t.co/T3DVXAJ7 @mattdoran22,1
295487049744650240,RT @7NewsBrisbane: Foam from rough waves at Alexandra Headland resembles snow on the Sunshine Coast #staysafe #bigwet #queensland #flood ...,1
295685535224184832,RT @7NewsBrisbane: Foam from rough waves at Alexandra Headland resembles snow on the Sunshine Coast #staysafe #bigwet #queensland #flood ...,1
295868554492903425,RT @TenLateNews: Tony Abbott says Labor may seek new Queensland flood levy http://t.co/T3DVXAJ7 @mattdoran22,1
295464479989305345,RT @7NewsBrisbane: Foam from rough waves at Alexandra Headland resembles snow on the Sunshine Coast #staysafe #bigwet #queensland #flood ...,1
295457670348042240,RT @7NewsBrisbane: Foam from rough waves at Alexandra Headland resembles snow on the Sunshine Coast #staysafe #bigwet #queensland #flood ...,1
295473551975276544,RT @7NewsBrisbane: Foam from rough waves at Alexandra Headland resembles snow on the Sunshine Coast #staysafe #bigwet #queensland #flood ...,1
295475609570779136,RT @7NewsBrisbane: Foam from rough waves at Alexandra Headland resembles snow on the Sunshine Coast #staysafe #bigwet #queensland #flood ...,0
324889882688385024,RT @chrissadeghi: Happy to say the Czech Stop is open and serving breakfast to emergency workers. #westexplosion http://t.co/gFS4MHdaHJ,1
324927795815927809,RT @KeeganAllen: Terrible - Just awful... In my thoughts and Prayers. http://t.co/bh2CTv2MsF,1
324994899533500416,"RT @TexGov: For info on phone numbers, blood donations, shelters, medical assistance &amp; more: http://t.co/WJTdD0gM25 #WestTX",1
324899848635678720,RT @AmberLyon: I think we can all agree that large quantities of volatile chemicals shouldn't ever be stored near schools or neighborhoo ...,0
324926815451897857,RT @amanbatheja: Czech ambassador planning a trip to #WestTX. Kind of a big deal for town's big Czech community. http://t.co/a9bMtbT4uP,1
324852438584672257,"RT @FearDept: If you surf the Internet we'll spy on you, but if you manufacture explosive chemicals in a school zone we'll leave you alo ...",1
327932310492151808,"RT @EthanZ: Terrorists want media attention, so we give it to them. Unsafe industries dont want media attention&amp;we ignore them http:",1
325097570542186496,"RT @jbendery: So... 1) shots just fired at MIT as 2) a 7.0 earthquake hits Japan, within days of 3) Boston bombs 4) ricin 5) TX explosio ...",0
324958474243018752,"RT @FearDept: If you surf the Internet we'll spy on you, but if you manufacture explosive chemicals in a school zone we'll leave you alo ...",0
327770976421031937,"RT @EthanZ: Terrorists want media attention, so we give it to them. Unsafe industries dont want media attention&amp;we ignore them http:",0
324856645001834496,RT @todayshow: No reason to believe there has been criminal activity.  -Sergeant W. Patrick Swanton on #WestTX explosion,0
324736903268155392,"RT @YourAnonNews: Blair's Cove Apartments are offering housing, they have +25 units available. Their number is 254-447-0810 #WestExplosion",1
324962056874889216,RT @YourAnonNews: It's 48 degrees in Waco and people are lining up around the block outside to give blood: http://t.co/umLETz9CB2 #West  ...,1
324929705688059904,RT @amanbatheja: Czech ambassador planning a trip to #WestTX. Kind of a big deal for town's big Czech community. http://t.co/a9bMtbT4uP,0
324891804677836800,RT @chrissadeghi: Happy to say the Czech Stop is open and serving breakfast to emergency workers. #westexplosion http://t.co/gFS4MHdaHJ,1
324726890143293441,"RT @YourAnonNews: Blair's Cove Apartments are offering housing, they have +25 units available. Their number is 254-447-0810 #WestExplosion",0
324931063250038784,RT @chrissadeghi: Happy to say the Czech Stop is open and serving breakfast to emergency workers. #westexplosion http://t.co/gFS4MHdaHJ,1
324942833133973506,RT @todayshow: No reason to believe there has been criminal activity.  -Sergeant W. Patrick Swanton on #WestTX explosion,1
324893843776471041,RT @chrissadeghi: Happy to say the Czech Stop is open and serving breakfast to emergency workers. #westexplosion http://t.co/gFS4MHdaHJ,0
324875576781451265,RT @chrissadeghi: Happy to say the Czech Stop is open and serving breakfast to emergency workers. #westexplosion http://t.co/gFS4MHdaHJ,1
324893110238855168,RT @chrissadeghi: Happy to say the Czech Stop is open and serving breakfast to emergency workers. #westexplosion http://t.co/gFS4MHdaHJ,1
324918245461225472,RT @chrissadeghi: Happy to say the Czech Stop is open and serving breakfast to emergency workers. #westexplosion http://t.co/gFS4MHdaHJ,1
324855287293018113,RT @AmberLyon: I think we can all agree that large quantities of volatile chemicals shouldn't ever be stored near schools or neighborhoo ...,1
324890760984031233,RT @AmberLyon: I think we can all agree that large quantities of volatile chemicals shouldn't ever be stored near schools or neighborhoo ...,0
324997924293574656,RT @chrissadeghi: Happy to say the Czech Stop is open and serving breakfast to emergency workers. #westexplosion http://t.co/gFS4MHdaHJ,1
325258816268677121,RT @KeeganAllen: Terrible - Just awful... In my thoughts and Prayers. http://t.co/bh2CTv2MsF,0
324943308533153792,"RT @TexGov: For info on phone numbers, blood donations, shelters, medical assistance &amp; more: http://t.co/WJTdD0gM25 #WestTX",0
324894456723685376,RT @chrissadeghi: Happy to say the Czech Stop is open and serving breakfast to emergency workers. #westexplosion http://t.co/gFS4MHdaHJ,1
327815754051366913,"RT @EthanZ: Terrorists want media attention, so we give it to them. Unsafe industries dont want media attention&amp;we ignore them http:",0
324852998280982528,RT @AmberLyon: I think we can all agree that large quantities of volatile chemicals shouldn't ever be stored near schools or neighborhoo ...,1
324901984014581762,RT @chrissadeghi: Happy to say the Czech Stop is open and serving breakfast to emergency workers. #westexplosion http://t.co/gFS4MHdaHJ,1
324897778323034114,RT @chrissadeghi: Happy to say the Czech Stop is open and serving breakfast to emergency workers. #westexplosion http://t.co/gFS4MHdaHJ,1
324938705720709120,RT @YourAnonNews: It's 48 degrees in Waco and people are lining up around the block outside to give blood: http://t.co/umLETz9CB2 #West  ...,1
324938504373141504,RT @YourAnonNews: It's 48 degrees in Waco and people are lining up around the block outside to give blood: http://t.co/umLETz9CB2 #West  ...,1
324899971025469440,RT @chrissadeghi: Happy to say the Czech Stop is open and serving breakfast to emergency workers. #westexplosion http://t.co/gFS4MHdaHJ,0
324726736359157760,"RT @YourAnonNews: Blair's Cove Apartments are offering housing, they have +25 units available. Their number is 254-447-0810 #WestExplosion",1
325104023998971904,"RT @jbendery: So... 1) shots just fired at MIT as 2) a 7.0 earthquake hits Japan, within days of 3) Boston bombs 4) ricin 5) TX explosio ...",1
324884250459529218,RT @KeeganAllen: Terrible - Just awful... In my thoughts and Prayers. http://t.co/bh2CTv2MsF,1
324938719293489152,RT @YourAnonNews: It's 48 degrees in Waco and people are lining up around the block outside to give blood: http://t.co/umLETz9CB2 #West  ...,0
